Account-Name,Account-ID
rv-hl-authentication-services-prod ,785252537696
rv-hl-authentication-services-preprod-nonprod ,041716489544
rv-hl-authentication-services-stage-nonprod ,400374493693
rv-hl-data-stage-nonprod ,258656781618
rv-hl-ecommerce-stage-nonprod ,947754170760
rv-hl-ecommerce-prod ,496663799280
rv-hl-healthline-com-stage-nonprod ,608996549162
rv-hl-healthline-com-prod ,870643310089
rv-hl-logging-prod ,307343232459
rv-hl-novant-stage-nonprod ,774015123427
rv-hl-novant-prod ,005089719287
rv-hl-platejoy-stage-nonprod ,764864676115
rv-hl-platejoy-prod ,810852103499